input size,time,heap-space
1024,0.165000,16384
2048,0.312000,32768
4096,0.642000,65536
5120,0.765000,81920
10240,1.912000,163840
