input size,time,stack-space
1024,0.186000,34487
2048,0.364000,67399
4096,0.748000,133079
5120,1.027000,165831
10240,2.191000,329815
